iso3c	year	election_date	election_type	early	cv	vap_turnout	voter_turnout	voter_turnout_source	comp12	enp_votes	election_id	previous_parliament_election_id	lne_voter_turnout	lne_voter_turnout_source	lne_election_type	lne_election_date
AUT	1994	1994-10-09	parliament	0	0	76.02	81.94	parlgov	7.2	3.87	66	325	NA	NA	NA	NA
AUT	1995	1995-12-17	parliament	1	0	78.64	85.98	parlgov	9.8	3.59	162	66	NA	NA	NA	NA
AUT	1996	1996-10-13	ep	1	0	63.64	67.73	parlgov	0.5	3.92	22	162	85.98	parlgov	parliament	1996-10-13
AUT	1999	1999-06-13	ep	0	0	46.11	49.4	parlgov	1.04	3.86	16	162	85.98	parlgov	parliament	1999-06-13
AUT	1999	1999-10-03	parliament	0	0	72.64	80.42	parlgov	0	3.82	492	162	NA	NA	NA	NA
AUT	2002	2002-11-24	parliament	1	0	77.45	84.27	parlgov	5.79	3.02	365	492	NA	NA	NA	NA
AUT	2004	2004-06-13	ep	0	0	39.95	42.43	parlgov	0.63	3.87	45	365	84.27	parlgov	parliament	2004-06-13
AUT	2006	2006-10-01	parliament	1	0	73.21	78.49	parlgov	1	3.71	197	365	NA	NA	NA	NA
AUT	2008	2008-09-28	parliament	1	0	75.61	78.81	parlgov	3.28	4.83	607	197	NA	NA	NA	NA
AUT	2009	2009-06-07	ep	0	0	41.32	45.97	parlgov	6.3	4.87	232	607	78.81	parlgov	parliament	2009-06-07
AUT	2013	2013-09-29	parliament	0	0	65.87	74.91	parlgov	2.8	5.16	802	607	NA	NA	NA	NA
AUT	2014	2014-05-25	ep	0	0	39.77	45.39	parlgov	2.89	5.03	818	802	74.91	parlgov	parliament	2014-05-25
AUT	2017	2017-10-15	parliament	0	0	68.79	80	parlgov	4.6	4.07	1019	802	NA	NA	NA	NA
AUT	2019	2019-05-26	ep	0	0	51.07	59.77	parlgov	10.7	4.28	1074	1019	80	parlgov	parliament	2019-05-26
AUT	2019	2019-09-29	parliament	0	0	64.4	75.59	parlgov	16.3	4.2	1080	1019	NA	NA	NA	NA
BEL	1978	1978-12-17	parliament	1	1	87.78	94.91	parlgov	NA	7.48	663	420	NA	NA	NA	NA
BEL	1979	1979-06-10	ep	0	1	86.69	91.36	parlgov	10.14	6.86	442	663	94.91	parlgov	parliament	1979-06-10
BEL	1981	1981-11-08	parliament	1	1	94.31	94.54	parlgov	NA	9.01	501	663	NA	NA	NA	NA
BEL	1984	1984-06-17	ep	0	1	87.35	92.09	parlgov	3.23	8.33	10	501	94.54	parlgov	parliament	1984-06-17
BEL	1985	1985-10-13	parliament	1	1	86.32	93.59	parlgov	NA	8.16	396	501	NA	NA	NA	NA
BEL	1987	1987-12-13	parliament	1	1	86.49	93.37	parlgov	NA	8.13	191	396	NA	NA	NA	NA
BEL	1989	1989-06-18	ep	0	1	84.98	90.73	parlgov	7.65	8.44	553	191	93.37	parlgov	parliament	1989-06-18
BEL	1991	1991-11-24	parliament	1	1	85.1	92.71	parlgov	NA	9.81	418	191	NA	NA	NA	NA
BEL	1994	1994-06-12	ep	0	1	84.03	90.66	parlgov	4.24	10.42	536	418	92.71	parlgov	parliament	1994-06-12
BEL	1995	1995-05-21	parliament	1	1	83.2	91.15	parlgov	NA	9.45	332	418	NA	NA	NA	NA
BEL	1999	1999-06-13	parliament	1	1	83.14	90.56	parlgov	NA	10.29	2	332	NA	NA	NA	NA
BEL	1999	1999-06-13	ep	0	1	84.51	91.05	parlgov	0.25	10.63	624	332	90.56	parlgov	parliament	1999-06-13
BEL	2003	2003-05-18	parliament	0	1	85.92	91.63	parlgov	NA	8.88	143	2	NA	NA	NA	NA
BEL	2004	2004-06-13	ep	0	1	84.56	90.81	parlgov	3.13	8.45	656	143	91.63	parlgov	parliament	2004-06-13
BEL	2007	2007-06-10	parliament	1	1	86	91.08	parlgov	NA	9.04	401	143	NA	NA	NA	NA
BEL	2009	2009-06-07	ep	0	1	83.94	90.39	parlgov	1.47	10.75	638	401	91.08	parlgov	parliament	2009-06-07
BEL	2010	2010-06-13	parliament	1	1	84.65	89.22	parlgov	NA	10.03	486	401	NA	NA	NA	NA
BEL	2014	2014-05-25	parliament	0	1	87.21	89.37	parlgov	NA	9.56	816	486	NA	NA	NA	NA
BEL	2014	2014-05-25	ep	0	1	86.82	89.64	parlgov	2.69	9.97	832	486	89.37	parlgov	parliament	2014-05-25
BEL	2019	2019-05-26	parliament	0	1	77.94	88.38	parlgov	NA	10.96	1048	816	NA	NA	NA	NA
BEL	2019	2019-05-26	ep	0	1	77.6	88.47	parlgov	NA	10.84	1058	816	88.38	parlgov	parliament	2019-05-26
BGR	2005	2005-06-25	parliament	0	0	62.41	55.76	parlgov	11.07	5.8	618	681	NA	NA	NA	NA
BGR	2007	2007-05-20	ep	1	0	31.27	29.22	parlgov	0.27	6.14	468	618	55.76	parlgov	parliament	2007-05-20
BGR	2009	2009-06-07	ep	0	0	43.59	38.92	parlgov	5.86	6.83	432	618	55.76	parlgov	parliament	2009-06-07
BGR	2009	2009-07-05	parliament	0	0	72.43	60.95	parlgov	22.02	4.41	79	618	NA	NA	NA	NA
BGR	2013	2013-05-12	parliament	1	0	59.69	52.49	parlgov	3.93	5.35	799	79	NA	NA	NA	NA
BGR	2014	2014-05-25	ep	0	0	41.07	36.1	parlgov	11.46	5.65	830	799	52.49	parlgov	parliament	2014-05-25
BGR	2014	2014-10-05	parliament	0	0	60.88	51.05	parlgov	17.27	5.78	840	799	NA	NA	NA	NA
BGR	2017	2017-03-26	parliament	1	1	62.79	42.74	parlgov	5.61	4.69	1011	840	NA	NA	NA	NA
BGR	2019	2019-05-26	ep	0	1	36.16	33.32	parlgov	6.81	5.16	1059	1011	42.74	parlgov	parliament	2019-05-26
CYP	2001	2001-05-27	parliament	0	1	67.68	91.75	parlgov	0.7	3.78	339	330	NA	NA	NA	NA
CYP	2004	2004-06-13	ep	0	1	47.16	71.19	parlgov	0.34	4.75	397	339	91.75	parlgov	parliament	2004-06-13
CYP	2006	2006-05-21	parliament	0	1	60.35	89	parlgov	0.79	4.29	556	339	NA	NA	NA	NA
CYP	2009	2009-06-06	ep	0	1	38.99	59.4	parlgov	0.75	3.63	28	556	89	parlgov	parliament	2009-06-06
CYP	2011	2011-05-22	parliament	0	1	47.21	78.7	parlgov	1.61	3.86	701	556	NA	NA	NA	NA
CYP	2014	2014-05-25	ep	0	1	31.49	43.97	parlgov	10.77	4.17	819	701	78.7	parlgov	parliament	2014-05-25
CYP	2016	2016-05-22	parliament	0	1	39.13	66.74	parlgov	5.02	5.13	1004	701	NA	NA	NA	NA
CYP	2019	2019-05-26	ep	0	0	28.34	44.99	parlgov	1.53	5.01	1075	1004	66.74	parlgov	parliament	2019-05-26
CZE	2002	2002-06-15	parliament	0	0	59.03	57.95	parlgov	5.73	4.83	487	27	NA	NA	NA	NA
CZE	2004	2004-06-12	ep	0	0	30.87	28.3	parlgov	9.78	5.94	567	487	57.95	parlgov	parliament	2004-06-12
CZE	2006	2006-06-03	parliament	0	0	65.12	64.42	parlgov	3.06	3.91	50	487	NA	NA	NA	NA
CZE	2009	2009-06-07	ep	0	0	29.68	28.22	parlgov	9.07	5.57	516	50	64.42	parlgov	parliament	2009-06-07
CZE	2010	2010-05-29	parliament	0	0	62.22	62.55	parlgov	1.86	6.76	599	50	NA	NA	NA	NA
CZE	2013	2013-10-25	parliament	1	0	60.03	59.44	parlgov	1.8	7.63	805	599	NA	NA	NA	NA
CZE	2014	2014-05-24	ep	0	0	17.57	18.2	parlgov	0.18	9.34	820	805	59.44	parlgov	parliament	2014-05-24
CZE	2017	2017-10-21	parliament	0	0	58.06	60.79	parlgov	18.32	6.93	1020	805	NA	NA	NA	NA
CZE	2019	2019-05-25	ep	0	0	27.21	28.72	parlgov	6.64	8.35	1057	1020	60.79	parlgov	parliament	2019-05-25
DEU	1976	1976-10-03	parliament	0	0	83.84	90.75	parlgov	4.5	2.91	163	95	NA	NA	NA	NA
DEU	1979	1979-06-10	ep	0	0	NA	65.73	parlgov	1.7	2.99	361	163	90.75	parlgov	parliament	1979-06-10
DEU	1980	1980-10-05	parliament	0	0	81.84	88.57	parlgov	8.7	3.1	547	163	NA	NA	NA	NA
DEU	1983	1983-03-06	parliament	1	0	80.95	89.09	parlgov	0	3.21	484	547	NA	NA	NA	NA
DEU	1984	1984-06-17	ep	0	0	NA	56.76	parlgov	0.1	3.37	610	484	89.09	parlgov	parliament	1984-06-17
DEU	1987	1987-01-25	parliament	0	0	75.02	84.33	parlgov	2.7	3.54	588	484	NA	NA	NA	NA
DEU	1989	1989-06-18	ep	0	0	NA	62.28	parlgov	7.8	4.03	296	588	84.33	parlgov	parliament	1989-06-18
DEU	1990	1990-12-02	parliament	0	0	73.1	77.76	parlgov	3.2	3.75	445	588	NA	NA	NA	NA
DEU	1994	1994-06-12	ep	0	0	56.12	60.02	parlgov	0.2	4.42	540	445	77.76	parlgov	parliament	1994-06-12
DEU	1994	1994-10-16	parliament	0	0	72.39	78.97	parlgov	2.2	3.74	595	445	NA	NA	NA	NA
DEU	1998	1998-09-27	parliament	0	0	75.32	82.2	parlgov	12.5	3.79	679	595	NA	NA	NA	NA
DEU	1999	1999-06-13	ep	0	0	42.02	45.19	parlgov	8.6	3.76	417	679	82.2	parlgov	parliament	1999-06-13
DEU	2002	2002-09-22	parliament	0	0	73.46	79.08	parlgov	9	3.88	385	679	NA	NA	NA	NA
DEU	2004	2004-06-13	ep	0	0	39.84	43	parlgov	15	4.8	18	385	79.08	parlgov	parliament	2004-06-13
DEU	2005	2005-09-18	parliament	1	0	71.99	77.65	parlgov	6.4	4.47	118	385	NA	NA	NA	NA
DEU	2009	2009-06-07	ep	0	0	39.53	43.27	parlgov	9.9	5.69	231	118	77.65	parlgov	parliament	2009-06-07
DEU	2009	2009-09-27	parliament	0	0	64.61	70.78	parlgov	4.3	5.58	93	118	NA	NA	NA	NA
DEU	2013	2013-09-22	parliament	0	0	66.07	71.53	parlgov	8.4	4.82	800	93	NA	NA	NA	NA
DEU	2014	2014-05-25	ep	0	0	44.57	48.14	parlgov	2.7	5.23	825	800	71.53	parlgov	parliament	2014-05-25
DEU	2017	2017-09-24	parliament	0	0	69.11	76.15	parlgov	6.3	6.19	1016	800	NA	NA	NA	NA
DEU	2019	2019-05-26	ep	0	0	55.76	61.38	parlgov	2.1	7.06	1055	1016	76.15	parlgov	parliament	2019-05-26
DNK	1977	1977-02-15	parliament	1	0	87.74	87.96	parlgov	22.4	5.23	409	464	NA	NA	NA	NA
DNK	1979	1979-06-10	ep	0	0	48.45	47.82	parlgov	1	6.87	271	409	87.96	parlgov	parliament	1979-06-10
DNK	1979	1979-10-23	parliament	1	0	83.23	85.62	parlgov	0	4.99	242	409	NA	NA	NA	NA
DNK	1981	1981-12-08	parliament	1	0	86.28	83.24	parlgov	18.4	5.76	179	242	NA	NA	NA	NA
DNK	1984	1984-01-10	parliament	1	0	86.04	88.44	parlgov	8.2	5.25	597	179	NA	NA	NA	NA
DNK	1984	1984-06-17	ep	0	0	53.27	52.38	parlgov	0	6.41	128	597	88.44	parlgov	parliament	1984-06-17
DNK	1987	1987-09-08	parliament	1	0	85.85	86.74	parlgov	8.5	5.84	226	597	NA	NA	NA	NA
DNK	1988	1988-05-10	parliament	1	0	82.73	83.99	parlgov	10.5	5.84	387	226	NA	NA	NA	NA
DNK	1989	1989-06-18	ep	0	0	45.92	46.17	parlgov	4.4	6.48	308	387	83.99	parlgov	parliament	1989-06-18
DNK	1990	1990-12-12	parliament	1	0	80.42	82.84	parlgov	21.4	4.85	157	387	NA	NA	NA	NA
DNK	1994	1994-06-12	ep	0	0	52.38	52.92	parlgov	1.3	7.06	434	157	82.84	parlgov	parliament	1994-06-12
DNK	1994	1994-09-21	parliament	0	0	81.73	84.25	parlgov	11.3	4.76	89	157	NA	NA	NA	NA
DNK	1998	1998-03-11	parliament	1	0	83.13	85.95	parlgov	11.9	4.74	389	89	NA	NA	NA	NA
DNK	1999	1999-06-13	ep	0	0	49.12	50.46	parlgov	6.9	7.21	668	389	85.95	parlgov	parliament	1999-06-13
DNK	2001	2001-11-20	parliament	1	0	84.34	87.15	parlgov	2.1	4.7	632	389	NA	NA	NA	NA
DNK	2004	2004-06-13	ep	0	0	46.37	47.89	parlgov	13.2	5.47	168	632	87.15	parlgov	parliament	2004-06-13
DNK	2005	2005-02-08	parliament	1	0	81.34	84.54	parlgov	3.2	5.19	563	632	NA	NA	NA	NA
DNK	2007	2007-11-13	parliament	1	0	83.2	86.59	parlgov	0.7	5.42	174	563	NA	NA	NA	NA
DNK	2009	2009-06-07	ep	0	0	56.29	59.54	parlgov	1.26	6.28	309	174	86.59	parlgov	parliament	2009-06-07
DNK	2011	2011-09-15	parliament	1	0	81.83	87.74	parlgov	1.9	5.72	722	174	NA	NA	NA	NA
DNK	2014	2014-05-25	ep	0	0	54.21	56.32	parlgov	7.5	5.98	821	722	87.74	parlgov	parliament	2014-05-25
DNK	2015	2015-06-18	parliament	0	0	80.34	85.89	parlgov	5.2	5.85	976	722	NA	NA	NA	NA
DNK	2019	2019-05-26	ep	0	0	59.91	66.08	parlgov	2	6.64	1049	976	85.89	parlgov	parliament	2019-05-26
DNK	2019	2019-06-05	parliament	0	0	76.38	84.6	parlgov	2.5	6.47	1077	976	NA	NA	NA	NA
ESP	1982	1982-10-28	parliament	0	0	83.11	79.97	parlgov	21.86	3.2	85	493	NA	NA	NA	NA
ESP	1986	1986-06-22	parliament	0	0	73.72	70.49	parlgov	18.2	3.59	254	85	NA	NA	NA	NA
ESP	1987	1987-06-10	ep	1	0	71.62	68.52	parlgov	14.55	4.27	557	254	70.49	parlgov	parliament	1987-06-10
ESP	1989	1989-06-18	ep	0	0	57.11	54.71	parlgov	18.4	4.51	474	254	70.49	parlgov	parliament	1989-06-18
ESP	1989	1989-10-29	parliament	0	0	71.28	69.74	parlgov	13.91	4.09	289	254	NA	NA	NA	NA
ESP	1993	1993-06-06	parliament	0	0	77.43	76.44	parlgov	4.06	3.47	252	289	NA	NA	NA	NA
ESP	1994	1994-06-12	ep	0	0	62.72	59.14	parlgov	9.45	3.53	44	252	76.44	parlgov	parliament	1994-06-12
ESP	1996	1996-03-03	parliament	0	0	80.56	77.38	parlgov	1.17	3.21	99	252	NA	NA	NA	NA
ESP	1999	1999-06-13	ep	0	0	67.64	63.05	parlgov	4.48	3.33	585	99	77.38	parlgov	parliament	1999-06-13
ESP	2000	2000-03-12	parliament	0	0	73.79	68.71	parlgov	10.53	3.02	687	99	NA	NA	NA	NA
ESP	2004	2004-03-14	parliament	0	0	76.25	75.66	parlgov	4.96	2.95	164	687	NA	NA	NA	NA
ESP	2004	2004-06-13	ep	0	0	45.67	45.14	parlgov	2.25	2.75	368	164	75.66	parlgov	parliament	2004-06-13
ESP	2008	2008-03-09	parliament	0	0	69.3	73.85	parlgov	4.26	2.77	500	164	NA	NA	NA	NA
ESP	2009	2009-06-07	ep	0	0	41.89	44.9	parlgov	3.34	3	448	500	73.85	parlgov	parliament	2009-06-07
ESP	2011	2011-11-20	parliament	1	0	63.26	68.94	parlgov	16.58	3.98	777	500	NA	NA	NA	NA
ESP	2014	2014-05-25	ep	0	0	41.21	43.81	parlgov	3.08	6.74	839	777	68.94	parlgov	parliament	2014-05-25
ESP	2015	2015-12-20	parliament	0	0	64.39	73.2	parlgov	6.71	5.83	998	777	NA	NA	NA	NA
ESP	2016	2016-06-26	parliament	1	0	60.87	69.84	parlgov	10.37	5.02	1005	998	NA	NA	NA	NA
ESP	2019	2019-04-28	parliament	1	0	65.14	75.75	parlgov	11.98	6.21	1046	1005	NA	NA	NA	NA
ESP	2019	2019-05-26	ep	0	0	55.61	60.73	parlgov	12.71	5.44	1072	1046	75.75	parlgov	parliament	2019-05-26
ESP	2019	2019-11-10	parliament	1	0	65.14	66.23	parlgov	7.19	6.17	1085	1046	NA	NA	NA	NA
EST	2003	2003-03-02	parliament	0	0	48.12	58.24	parlgov	0.8	5.43	423	239	NA	NA	NA	NA
EST	2004	2004-06-13	ep	0	0	22.34	26.83	parlgov	19.3	4.93	130	423	58.24	parlgov	parliament	2004-06-13
EST	2007	2007-03-04	parliament	0	0	53.44	61.91	parlgov	1.7	5.02	83	423	NA	NA	NA	NA
EST	2009	2009-06-07	ep	0	0	37.84	43.88	parlgov	0.3	5.47	395	83	61.91	parlgov	parliament	2009-06-07
EST	2011	2011-03-06	parliament	0	0	55.45	63.53	parlgov	5.3	4.78	699	83	NA	NA	NA	NA
EST	2014	2014-05-25	ep	0	0	32.55	36.52	parlgov	1.9	5.97	822	699	63.53	parlgov	parliament	2014-05-25
EST	2015	2015-03-01	parliament	0	0	56.82	64.23	parlgov	2.88	5.14	853	699	NA	NA	NA	NA
EST	2019	2019-03-03	parliament	0	0	56.45	63.67	parlgov	5.8	5.16	1044	853	NA	NA	NA	NA
EST	2019	2019-05-26	ep	0	0	33.25	37.59	parlgov	2.9	5.69	1056	1044	63.67	parlgov	parliament	2019-05-26
FIN	1991	1991-03-17	parliament	0	0	71.93	68.39	parlgov	2.7	5.92	602	527	NA	NA	NA	NA
FIN	1995	1995-03-19	parliament	0	0	71.13	68.58	parlgov	8.5	5.79	24	602	NA	NA	NA	NA
FIN	1996	1996-10-20	ep	1	0	60.94	57.6	parlgov	2.9	5.92	652	24	68.58	parlgov	parliament	1996-10-20
FIN	1999	1999-03-21	parliament	0	0	65.21	65.27	parlgov	0.5	5.93	15	24	NA	NA	NA	NA
FIN	1999	1999-06-13	ep	0	0	31.64	29.96	parlgov	4	5.77	334	15	65.27	parlgov	parliament	1999-06-13
FIN	2003	2003-03-16	parliament	0	0	69.96	66.71	parlgov	0.2	5.65	253	15	NA	NA	NA	NA
FIN	2004	2004-06-13	ep	0	0	41.22	39.43	parlgov	0.3	5.55	198	253	66.71	parlgov	parliament	2004-06-13
FIN	2007	2007-03-18	parliament	0	0	68.18	65.02	parlgov	0.8	5.88	314	253	NA	NA	NA	NA
FIN	2009	2009-06-07	ep	0	0	39.92	38.6	parlgov	4.2	6.47	181	314	65.02	parlgov	parliament	2009-06-07
FIN	2011	2011-04-17	parliament	0	0	72.77	67.37	parlgov	0	6.46	700	314	NA	NA	NA	NA
FIN	2014	2014-05-25	ep	0	0	41.89	39.14	parlgov	2.9	6.84	823	700	67.37	parlgov	parliament	2014-05-25
FIN	2015	2015-04-19	parliament	0	0	73.14	66.85	parlgov	2.9	6.57	855	700	NA	NA	NA	NA
FIN	2019	2019-04-14	parliament	0	0	69.43	72.84	parlgov	0.2	7.5	1045	855	NA	NA	NA	NA
FIN	2019	2019-05-26	ep	0	0	41.12	40.76	parlgov	4.8	7.22	1050	1045	72.84	parlgov	parliament	2019-05-26
FRA	1978	1978-03-19	parliament	0	0	63.4	83.25	parlgov	0.3	6.17	496	357	NA	NA	NA	NA
FRA	1979	1979-06-10	ep	0	0	NA	60.71	parlgov	4.08	4.91	677	496	83.25	parlgov	parliament	1979-06-10
FRA	1981	1981-06-21	parliament	1	0	63.92	70.86	parlgov	15.3	4.68	20	496	NA	NA	NA	NA
FRA	1984	1984-06-17	ep	0	0	NA	56.7	parlgov	22.25	3.91	415	20	70.86	parlgov	parliament	1984-06-17
FRA	1986	1986-03-16	parliament	0	0	69.91	78.48	parlgov	10	5.57	623	20	NA	NA	NA	NA
FRA	1988	1988-06-12	parliament	1	0	58.14	66.13	parlgov	15.7	4.61	643	623	NA	NA	NA	NA
FRA	1989	1989-06-18	ep	0	0	NA	48.8	parlgov	5.27	5.55	360	643	66.13	parlgov	parliament	1989-06-18
FRA	1993	1993-03-28	parliament	0	0	61.29	68.58	parlgov	1.3	6.99	664	643	NA	NA	NA	NA
FRA	1994	1994-06-12	ep	0	0	46.68	52.76	parlgov	11.08	7.35	680	664	68.58	parlgov	parliament	1994-06-12
FRA	1997	1997-06-01	parliament	1	0	59.86	67.92	parlgov	7.83	6.99	479	664	NA	NA	NA	NA
FRA	1999	1999-06-13	ep	0	0	41.37	46.76	parlgov	8.9	8.55	273	479	67.92	parlgov	parliament	1999-06-13
FRA	2002	2002-06-16	parliament	0	0	47.25	64.42	parlgov	9.19	5.23	403	479	NA	NA	NA	NA
FRA	2004	2004-06-13	ep	0	0	37.52	42.79	parlgov	12.3	6.56	160	403	64.42	parlgov	parliament	2004-06-13
FRA	2007	2007-06-17	parliament	0	0	43.43	60.42	parlgov	14.81	4.33	171	403	NA	NA	NA	NA
FRA	2009	2009-06-07	ep	0	0	35.92	40.63	parlgov	11.4	6.55	219	171	60.42	parlgov	parliament	2009-06-07
FRA	2012	2012-06-17	parliament	0	0	46.08	57.22	parlgov	2.23	5.27	782	171	NA	NA	NA	NA
FRA	2014	2014-05-24	ep	0	0	38.82	42.43	parlgov	4.05	6.7	824	782	57.22	parlgov	parliament	2014-05-24
FRA	2017	2017-06-18	parliament	0	0	38.62	48.7	parlgov	12.44	6.85	1014	782	NA	NA	NA	NA
FRA	2019	2019-05-26	ep	0	0	45.03	50.12	parlgov	0.92	7.02	1054	1014	48.7	parlgov	parliament	2019-05-26
GBR	1979	1979-05-03	parliament	1	0	75.06	76	parlgov	7	2.87	243	40	NA	NA	NA	NA
GBR	1979	1979-06-10	ep	0	0	33.29	32.67	parlgov	16.8	2.85	37	243	76	parlgov	parliament	1979-06-10
GBR	1983	1983-06-09	parliament	0	0	71.7	72.81	parlgov	14.8	3.12	290	243	NA	NA	NA	NA
GBR	1984	1984-06-17	ep	0	0	33.69	32.94	parlgov	4.04	3.26	222	290	72.81	parlgov	parliament	1984-06-17
GBR	1987	1987-06-11	parliament	0	0	75.17	75.42	parlgov	11.5	3.08	490	290	NA	NA	NA	NA
GBR	1989	1989-06-15	ep	0	0	36.87	36.81	parlgov	6	3.49	682	490	75.42	parlgov	parliament	1989-06-15
GBR	1992	1992-04-09	parliament	0	0	75.36	77.77	parlgov	7	3.03	514	490	NA	NA	NA	NA
GBR	1994	1994-06-09	ep	0	0	36.13	36.49	parlgov	15.6	3.54	351	514	77.77	parlgov	parliament	1994-06-09
GBR	1997	1997-05-01	parliament	0	0	69.39	71.54	parlgov	12.5	3.22	315	514	NA	NA	NA	NA
GBR	1999	1999-06-10	ep	0	0	24.08	24.02	parlgov	7.25	4.88	686	315	71.54	parlgov	parliament	1999-06-10
GBR	2001	2001-06-07	parliament	0	0	57.56	59.61	parlgov	9	3.33	208	315	NA	NA	NA	NA
GBR	2004	2004-06-10	ep	0	0	37.89	38.52	parlgov	4.1	5.63	196	208	59.61	parlgov	parliament	2004-06-10
GBR	2005	2005-05-05	parliament	0	0	58.32	61.78	parlgov	2.8	3.59	233	208	NA	NA	NA	NA
GBR	2009	2009-06-04	ep	0	0	32.05	33.62	parlgov	11.2	6.25	410	233	61.78	parlgov	parliament	2009-06-04
GBR	2010	2010-05-06	parliament	0	0	61.06	65.77	parlgov	7.1	3.72	582	233	NA	NA	NA	NA
GBR	2014	2014-05-22	ep	0	0	33.2	35.6	parlgov	2.09	4.77	845	582	65.77	parlgov	parliament	2014-05-22
GBR	2015	2015-05-07	parliament	0	0	60.45	66.12	idea	6.47	3.92	856	582	NA	NA	NA	NA
GBR	2017	2017-06-08	parliament	1	0	63.25	68.94	parlgov	2.46	2.88	1013	856	NA	NA	NA	NA
GBR	2019	2019-05-23	ep	0	0	33.21	37.17	parlgov	11.3	5.33	1051	1013	68.94	parlgov	parliament	2019-05-23
GRC	1977	1977-11-20	parliament	0	1	82.41	81.11	parlgov	16.5	3.74	596	653	NA	NA	NA	NA
GRC	1981	1981-10-18	parliament	0	1	84.48	81.5	parlgov	12.2	2.68	227	596	NA	NA	NA	NA
GRC	1981	1981-10-18	ep	1	1	82.96	78.6	parlgov	8.8	3.56	147	596	81.5	parlgov	parliament	1981-10-18
GRC	1984	1984-06-17	ep	0	1	84.31	77.17	parlgov	3.6	3.01	87	227	81.5	parlgov	parliament	1984-06-17
GRC	1985	1985-06-02	parliament	0	1	87.35	80.19	parlgov	5	2.59	453	227	NA	NA	NA	NA
GRC	1989	1989-06-18	parliament	0	1	87.52	80.33	parlgov	5.2	2.73	205	453	NA	NA	NA	NA
GRC	1989	1989-06-18	ep	0	1	89.78	79.88	parlgov	4.4	3.19	518	453	80.33	parlgov	parliament	1989-06-18
GRC	1989	1989-11-05	parliament	1	1	87.52	80.7	parlgov	5.5	2.56	508	205	NA	NA	NA	NA
GRC	1990	1990-04-08	parliament	1	1	NA	79.24	parlgov	8.3	2.63	284	508	NA	NA	NA	NA
GRC	1993	1993-10-10	parliament	1	1	85.61	79.22	parlgov	7.8	2.62	654	284	NA	NA	NA	NA
GRC	1994	1994-06-12	ep	0	1	84.98	71.24	parlgov	4.9	3.78	613	654	79.22	parlgov	parliament	1994-06-12
GRC	1996	1996-09-22	parliament	0	1	83.88	76.35	parlgov	3.37	3.07	399	654	NA	NA	NA	NA
GRC	1999	1999-06-13	ep	0	1	78.68	70.25	parlgov	3.09	3.94	482	399	76.35	parlgov	parliament	1999-06-13
GRC	2000	2000-04-09	parliament	0	1	89.02	74.97	parlgov	1.05	2.64	475	399	NA	NA	NA	NA
GRC	2004	2004-03-07	parliament	0	1	87.66	76.5	parlgov	4.81	2.66	201	475	NA	NA	NA	NA
GRC	2004	2004-06-13	ep	0	1	70.33	63.22	parlgov	8.98	3.19	672	201	76.5	parlgov	parliament	2004-06-13
GRC	2007	2007-09-16	parliament	0	1	79.59	74.15	parlgov	3.74	3.02	466	201	NA	NA	NA	NA
GRC	2009	2009-06-07	ep	0	1	59.18	52.54	parlgov	4.35	3.93	264	466	74.15	parlgov	parliament	2009-06-07
GRC	2009	2009-10-04	parliament	1	1	79.24	70.95	parlgov	10.45	3.16	651	466	NA	NA	NA	NA
GRC	2012	2012-05-06	parliament	1	1	69.36	65.12	parlgov	2.06	8.97	783	651	NA	NA	NA	NA
GRC	2012	2012-06-17	parliament	1	1	69.36	62.47	parlgov	2.77	5.2	784	783	NA	NA	NA	NA
GRC	2014	2014-05-25	ep	0	1	67.53	59.97	parlgov	3.85	6.76	826	784	62.47	parlgov	parliament	2014-05-25
GRC	2015	2015-01-25	parliament	1	1	70.65	63.87	parlgov	8.53	4.43	851	784	NA	NA	NA	NA
GRC	2015	2015-09-20	parliament	0	1	70.65	56.57	parlgov	7.36	4.51	992	851	NA	NA	NA	NA
GRC	2019	2019-05-26	ep	0	1	65.19	58.69	parlgov	9.37	5.53	1060	992	56.57	parlgov	parliament	2019-05-26
GRC	2019	2019-07-07	parliament	0	1	63.52	57.91	parlgov	8.32	3.69	1078	992	NA	NA	NA	NA
HRV	2011	2011-12-04	parliament	0	0	66.09	61.95	parlgov	17.58	4.36	792	793	NA	NA	NA	NA
HRV	2013	2013-04-14	ep	1	0	22.7	20.83	parlgov	0.79	4.56	791	792	61.95	parlgov	parliament	2013-04-14
HRV	2014	2014-05-25	ep	0	0	26.39	25.24	parlgov	11.49	3.62	841	792	61.95	parlgov	parliament	2014-05-25
HRV	2015	2015-11-08	parliament	0	0	63.96	60.82	parlgov	1.25	4.06	1001	792	NA	NA	NA	NA
HRV	2016	2016-09-11	parliament	0	0	55.52	52.56	parlgov	2.99	4.13	1007	1001	NA	NA	NA	NA
HRV	2019	2019-05-26	ep	0	0	31.3	29.85	parlgov	4.01	8.72	1062	1007	52.56	parlgov	parliament	2019-05-26
HUN	2002	2002-04-21	parliament	0	0	71.55	70.53	parlgov	0.98	2.84	463	671	NA	NA	NA	NA
HUN	2004	2004-06-13	ep	0	0	38.37	38.63	parlgov	13.1	2.84	224	463	70.53	parlgov	parliament	2004-06-13
HUN	2006	2006-04-09	parliament	0	0	68.84	67.83	parlgov	1.2	2.7	194	463	NA	NA	NA	NA
HUN	2009	2009-06-07	ep	0	0	36	36.41	parlgov	38.99	2.68	249	194	67.83	parlgov	parliament	2009-06-07
HUN	2010	2010-04-25	parliament	0	0	63.67	64.45	parlgov	33.43	2.86	688	194	NA	NA	NA	NA
HUN	2014	2014-04-06	parliament	0	0	63.36	61.8	parlgov	19.3	3.22	814	688	NA	NA	NA	NA
HUN	2014	2014-05-25	ep	0	0	28.96	28.97	parlgov	36.81	3.17	827	814	61.8	parlgov	parliament	2014-05-25
HUN	2018	2018-04-08	parliament	0	0	71.64	69.67	parlgov	30.22	3.31	1023	814	NA	NA	NA	NA
HUN	2019	2019-05-26	ep	0	0	43.23	43.56	parlgov	36.51	3.1	1076	1023	69.67	parlgov	parliament	2019-05-26
IRL	1977	1977-06-16	parliament	1	0	85.17	76.31	parlgov	20.14	2.75	6	283	NA	NA	NA	NA
IRL	1979	1979-06-10	ep	0	0	67.06	63.61	parlgov	1.55	3.85	414	6	76.31	parlgov	parliament	1979-06-10
IRL	1981	1981-06-11	parliament	1	0	78.78	76.22	parlgov	8.8	2.87	47	6	NA	NA	NA	NA
IRL	1982	1982-02-18	parliament	1	0	76.33	73.81	parlgov	9.96	2.69	228	47	NA	NA	NA	NA
IRL	1982	1982-11-24	parliament	1	0	76.33	72.86	parlgov	5.98	2.72	307	228	NA	NA	NA	NA
IRL	1984	1984-06-17	ep	0	0	51.97	47.56	parlgov	7	3.69	344	307	72.86	parlgov	parliament	1984-06-17
IRL	1987	1987-02-17	parliament	1	0	77.87	73.33	parlgov	17.08	3.47	43	307	NA	NA	NA	NA
IRL	1989	1989-06-15	parliament	1	0	71.23	68.1	parlgov	14.86	3.38	590	43	NA	NA	NA	NA
IRL	1989	1989-06-18	ep	0	0	73.69	68.28	parlgov	9.9	5.59	46	590	68.1	parlgov	parliament	1989-06-18
IRL	1992	1992-11-25	parliament	0	0	73.65	68.49	parlgov	14.64	3.94	359	590	NA	NA	NA	NA
IRL	1994	1994-06-12	ep	0	0	47.92	43.98	parlgov	10.73	4.83	34	359	68.49	parlgov	parliament	1994-06-12
IRL	1997	1997-06-06	parliament	1	0	67.38	65.92	parlgov	11.38	4.03	316	359	NA	NA	NA	NA
IRL	1999	1999-06-13	ep	0	0	54.72	50.21	parlgov	14	4.37	491	316	65.92	parlgov	parliament	1999-06-13
IRL	2002	2002-05-17	parliament	0	0	66.98	62.57	parlgov	19	4.14	408	316	NA	NA	NA	NA
IRL	2004	2004-06-13	ep	0	0	62.52	58.58	parlgov	1.69	5.18	123	408	62.57	parlgov	parliament	2004-06-13
IRL	2007	2007-05-24	parliament	0	0	68.89	67.03	parlgov	14.24	3.77	190	408	NA	NA	NA	NA
IRL	2009	2009-06-05	ep	0	0	54.19	58.64	parlgov	5.05	5.52	369	190	67.03	parlgov	parliament	2009-06-05
IRL	2011	2011-02-25	parliament	1	0	63.78	69.9	parlgov	16.65	4.47	698	190	NA	NA	NA	NA
IRL	2014	2014-05-23	ep	0	0	47.45	52.44	parlgov	0.03	6.61	833	698	69.9	parlgov	parliament	2014-05-23
IRL	2016	2016-02-26	parliament	0	0	58.04	65.09	idea	1.17	6.02	1002	698	NA	NA	NA	NA
IRL	2019	2019-05-24	ep	0	0	45.63	49.68	parlgov	13.04	5.76	1061	1002	65.09	idea	parliament	2019-05-24
ITA	1979	1979-06-03	parliament	1	1	92.75	90.62	parlgov	7.9	3.91	604	502	NA	NA	NA	NA
ITA	1979	1979-06-10	ep	0	1	90.19	85.65	parlgov	6.88	4.15	353	604	90.62	parlgov	parliament	1979-06-10
ITA	1983	1983-06-26	parliament	1	1	91.76	88.01	parlgov	3	4.52	617	604	NA	NA	NA	NA
ITA	1984	1984-06-17	ep	0	1	89.62	82.47	parlgov	0.37	4.12	458	617	88.01	parlgov	parliament	1984-06-17
ITA	1987	1987-06-14	parliament	1	1	94.4	88.83	parlgov	7.7	4.61	17	617	NA	NA	NA	NA
ITA	1989	1989-06-18	ep	0	1	87.17	81.07	parlgov	5.32	4.66	280	17	88.83	parlgov	parliament	1989-06-18
ITA	1992	1992-04-05	parliament	1	1	92.34	87.29	parlgov	13.6	6.62	605	17	NA	NA	NA	NA
ITA	1994	1994-03-27	parliament	0	0	90.84	86.14	parlgov	12.1	2.8	146	605	NA	NA	NA	NA
ITA	1994	1994-06-12	ep	0	0	78.83	73.6	parlgov	11.56	5.99	326	146	86.14	parlgov	parliament	1994-06-12
ITA	1996	1996-04-21	parliament	1	0	87.35	82.91	parlgov	7.16	3.15	551	146	NA	NA	NA	NA
ITA	1999	1999-06-13	ep	0	0	74.36	69.76	parlgov	7.83	7.94	363	551	82.91	parlgov	parliament	1999-06-13
ITA	2001	2001-05-13	parliament	0	0	84.92	81.38	parlgov	12.86	6.32	498	551	NA	NA	NA	NA
ITA	2004	2004-06-12	ep	0	0	75.37	71.72	parlgov	10.15	6.01	329	498	81.38	parlgov	parliament	2004-06-12
ITA	2006	2006-04-09	parliament	1	0	82.13	81.69	parlgov	6.83	5.71	107	498	NA	NA	NA	NA
ITA	2008	2008-04-13	parliament	1	0	79.13	75.52	parlgov	4.19	3.62	111	107	NA	NA	NA	NA
ITA	2009	2009-06-07	ep	0	0	65.11	65.14	parlgov	9.14	4.61	549	111	75.52	parlgov	parliament	2009-06-07
ITA	2013	2013-02-25	parliament	0	0	68.33	75.2	parlgov	0.39	5.09	789	111	NA	NA	NA	NA
ITA	2014	2014-05-25	ep	0	0	57.32	57.22	parlgov	19.66	4.03	834	789	75.2	parlgov	parliament	2014-05-25
ITA	2018	2018-03-04	parliament	0	0	65.18	72.94	parlgov	14.57	4.99	1024	789	NA	NA	NA	NA
ITA	2019	2019-05-26	ep	0	0	53.27	54.5	parlgov	11.52	4.72	1053	1024	72.94	parlgov	parliament	2019-05-26
LTU	2000	2000-10-08	parliament	0	0	50.43	58.63	parlgov	11.44	5.59	59	566	NA	NA	NA	NA
LTU	2004	2004-06-13	ep	0	0	45.32	48.38	parlgov	15.73	6.35	539	59	58.63	parlgov	parliament	2004-06-13
LTU	2004	2004-10-24	parliament	0	0	43.33	46.08	parlgov	7.79	5.78	214	59	NA	NA	NA	NA
LTU	2008	2008-10-12	parliament	0	0	46.15	48.59	parlgov	4.63	8.91	646	214	NA	NA	NA	NA
LTU	2009	2009-06-07	ep	0	0	19.48	20.98	parlgov	8.25	6.83	337	646	48.59	parlgov	parliament	2009-06-07
LTU	2012	2012-10-14	parliament	0	0	55.86	52.93	parlgov	1.45	8.28	786	646	NA	NA	NA	NA
LTU	2014	2014-05-25	ep	0	0	43.15	47.35	parlgov	0.17	7.3	842	786	52.93	parlgov	parliament	2014-05-25
LTU	2016	2016-10-09	parliament	0	0	54.51	50.64	parlgov	0.18	6.79	1009	786	NA	NA	NA	NA
LTU	2019	2019-05-26	ep	0	0	58.83	53.48	parlgov	3.86	9.3	1064	1009	50.64	parlgov	parliament	2019-05-26
LUX	1979	1979-06-10	parliament	0	1	68.48	88.85	parlgov	10.25	4.29	606	446	NA	NA	NA	NA
LUX	1979	1979-06-10	ep	0	1	69.2	88.91	parlgov	8	3.8	589	446	88.85	parlgov	parliament	1979-06-10
LUX	1984	1984-06-17	parliament	0	1	66.83	88.95	parlgov	1.32	3.64	183	606	NA	NA	NA	NA
LUX	1984	1984-06-17	ep	0	1	68.49	88.79	parlgov	5	3.76	109	606	88.95	parlgov	parliament	1984-06-17
LUX	1989	1989-06-18	parliament	0	1	64.07	87.59	parlgov	4.45	4.71	526	183	NA	NA	NA	NA
LUX	1989	1989-06-18	ep	0	1	65.44	87.39	parlgov	9.5	4.26	238	183	87.59	parlgov	parliament	1989-06-18
LUX	1994	1994-06-12	parliament	0	1	60.52	88.3	parlgov	3.02	4.73	306	526	NA	NA	NA	NA
LUX	1994	1994-06-12	ep	0	1	63.93	88.64	parlgov	6.7	4.67	594	526	88.3	parlgov	parliament	1994-06-12
LUX	1999	1999-06-13	parliament	0	1	56.92	86.51	parlgov	5.98	4.72	299	306	NA	NA	NA	NA
LUX	1999	1999-06-13	ep	0	1	60.84	86.64	parlgov	8.09	4.58	505	306	86.51	parlgov	parliament	1999-06-13
LUX	2004	2004-06-13	parliament	0	1	56.5	91.92	parlgov	10.38	4.21	383	299	NA	NA	NA	NA
LUX	2004	2004-06-13	ep	0	1	60.07	91.22	parlgov	15.04	4.2	593	299	91.92	parlgov	parliament	2004-06-13
LUX	2009	2009-06-07	parliament	0	1	53.2	90.75	parlgov	16.48	4.25	172	383	NA	NA	NA	NA
LUX	2009	2009-06-07	ep	0	1	57.09	90.76	parlgov	11.83	4.85	662	383	90.75	parlgov	parliament	2009-06-07
LUX	2013	2013-10-20	parliament	0	1	55.12	91.32	parlgov	13.4	4.85	803	172	NA	NA	NA	NA
LUX	2014	2014-05-25	ep	0	1	55.76	85.55	parlgov	22.64	4.73	835	803	91.32	parlgov	parliament	2014-05-25
LUX	2018	2018-10-14	parliament	0	1	48.16	89.66	parlgov	10.68	6.35	1043	803	NA	NA	NA	NA
LUX	2019	2019-05-26	ep	0	1	48.64	84.1	parlgov	0.34	6.25	1065	1043	89.66	parlgov	parliament	2019-05-26
LVA	2002	2002-10-05	parliament	0	0	55.08	71.51	parlgov	4.9	6.84	260	615	NA	NA	NA	NA
LVA	2004	2004-06-13	ep	0	0	31.3	41.34	parlgov	10.11	6.39	145	260	71.51	parlgov	parliament	2004-06-13
LVA	2006	2006-10-07	parliament	0	0	50.18	60.98	parlgov	2.85	7.6	52	260	NA	NA	NA	NA
LVA	2009	2009-06-07	ep	0	0	43.2	53.69	parlgov	4.75	7.69	302	52	60.98	parlgov	parliament	2009-06-07
LVA	2010	2010-10-02	parliament	0	0	52.46	64.73	parlgov	5.29	4.43	690	52	NA	NA	NA	NA
LVA	2011	2011-09-17	parliament	1	0	53.02	59.49	parlgov	7.53	5.15	765	690	NA	NA	NA	NA
LVA	2014	2014-05-24	ep	0	0	25.19	30.24	parlgov	31.94	3.78	848	765	59.49	parlgov	parliament	2014-05-24
LVA	2014	2014-10-04	parliament	0	0	51.69	58.85	parlgov	1.13	5.68	831	765	NA	NA	NA	NA
LVA	2018	2018-10-06	parliament	0	0	53.55	54.58	parlgov	5.59	8.08	1042	831	NA	NA	NA	NA
LVA	2019	2019-05-25	ep	0	0	30.44	33.53	parlgov	8.79	6.51	1063	1042	54.58	parlgov	parliament	2019-05-25
MLT	2003	2003-04-12	parliament	1	0	95.35	95.7	parlgov	4.28	2.02	509	173	NA	NA	NA	NA
MLT	2004	2004-06-13	ep	0	0	82.39	82.39	parlgov	8.67	2.49	346	509	95.7	parlgov	parliament	2004-06-13
MLT	2008	2008-03-08	parliament	1	0	88.88	93.3	parlgov	0.55	2.08	203	509	NA	NA	NA	NA
MLT	2009	2009-06-06	ep	0	0	78.56	78.79	parlgov	14.28	2.15	555	203	93.3	parlgov	parliament	2009-06-06
MLT	2013	2013-03-09	parliament	1	0	91.72	92.97	parlgov	11.49	2.05	790	203	NA	NA	NA	NA
MLT	2014	2014-05-25	ep	0	0	77.84	74.8	parlgov	13.37	2.24	836	790	92.97	parlgov	parliament	2014-05-25
MLT	2017	2017-06-03	parliament	1	0	92.29	92.06	parlgov	11.36	2.03	1010	790	NA	NA	NA	NA
MLT	2019	2019-05-25	ep	0	0	71.83	72.66	parlgov	16.39	2.27	1066	1010	92.06	parlgov	parliament	2019-05-25
NLD	1977	1977-05-25	parliament	0	0	86.27	88	parlgov	1.94	3.96	635	51	NA	NA	NA	NA
NLD	1979	1979-06-10	ep	0	0	58.43	58.12	parlgov	5.21	3.93	23	635	88	parlgov	parliament	1979-06-10
NLD	1981	1981-05-26	parliament	1	0	85.19	87.03	parlgov	2.52	4.56	81	635	NA	NA	NA	NA
NLD	1982	1982-09-08	parliament	1	0	80.3	80.98	parlgov	1.01	4.24	116	81	NA	NA	NA	NA
NLD	1984	1984-06-17	ep	0	0	50.61	50.88	parlgov	3.68	4.05	341	116	80.98	parlgov	parliament	1984-06-17
NLD	1986	1986-05-21	parliament	1	0	84.22	85.76	parlgov	1.32	3.77	62	116	NA	NA	NA	NA
NLD	1989	1989-06-18	ep	0	0	47.02	47.48	parlgov	3.9	4.09	587	62	85.76	parlgov	parliament	1989-06-18
NLD	1989	1989-09-06	parliament	1	0	78.01	80.27	parlgov	3.43	3.9	627	62	NA	NA	NA	NA
NLD	1994	1994-05-03	parliament	0	0	75.2	78.81	parlgov	1.74	5.72	570	627	NA	NA	NA	NA
NLD	1994	1994-06-12	ep	0	0	35.21	35.69	parlgov	7.89	4.97	58	570	78.81	parlgov	parliament	1994-06-12
NLD	1998	1998-05-06	parliament	0	0	70.12	73.35	parlgov	4.29	5.15	372	570	NA	NA	NA	NA
NLD	1999	1999-06-13	ep	0	0	29.42	30.02	parlgov	6.83	5.58	177	372	73.35	parlgov	parliament	1999-06-13
NLD	2002	2002-05-15	parliament	0	0	76.82	79.06	parlgov	10.93	6.03	74	372	NA	NA	NA	NA
NLD	2003	2003-01-22	parliament	1	0	77.54	80.04	parlgov	1.36	4.99	335	74	NA	NA	NA	NA
NLD	2004	2004-06-13	ep	0	0	38.32	39.26	parlgov	0.83	6.43	519	335	80.04	parlgov	parliament	2004-06-13
NLD	2006	2006-11-22	parliament	1	0	77.48	80.35	parlgov	5.32	5.8	578	335	NA	NA	NA	NA
NLD	2009	2009-06-04	ep	0	0	34.68	36.95	parlgov	3.08	7.81	134	578	80.35	parlgov	parliament	2009-06-04
NLD	2010	2010-06-09	parliament	1	0	71.13	75.4	parlgov	0.86	6.97	530	578	NA	NA	NA	NA
NLD	2012	2012-09-12	parliament	1	0	71.02	74.57	parlgov	1.74	5.94	785	530	NA	NA	NA	NA
NLD	2014	2014-05-25	ep	0	0	36.35	37.32	parlgov	0.3	8.99	846	785	74.57	parlgov	parliament	2014-05-25
NLD	2017	2017-03-15	parliament	0	0	77.31	81.93	parlgov	8.2	8.55	1012	785	NA	NA	NA	NA
NLD	2019	2019-05-23	ep	0	0	39.92	41.93	parlgov	4.37	8.93	1052	1012	81.93	parlgov	parliament	2019-05-23
POL	2001	2001-09-23	parliament	0	0	47.63	46.29	parlgov	28.34	4.5	565	477	NA	NA	NA	NA
POL	2004	2004-06-13	ep	0	0	21.49	20.87	parlgov	8.18	7.53	199	565	46.29	parlgov	parliament	2004-06-13
POL	2005	2005-09-25	parliament	0	0	40.87	40.51	parlgov	2.9	5.86	188	565	NA	NA	NA	NA
POL	2007	2007-10-19	parliament	1	0	54.24	53.82	parlgov	9.4	3.32	560	188	NA	NA	NA	NA
POL	2009	2009-06-07	ep	0	0	24.04	24.55	parlgov	17.03	3.4	255	560	53.82	parlgov	parliament	2009-06-07
POL	2011	2011-10-09	parliament	0	0	48.54	48.92	parlgov	9.29	3.74	766	560	NA	NA	NA	NA
POL	2014	2014-05-25	ep	0	0	23.62	23.82	parlgov	0.35	4.41	837	766	48.92	parlgov	parliament	2014-05-25
POL	2015	2015-10-25	parliament	0	0	49.4	50.92	parlgov	13.49	4.45	996	766	NA	NA	NA	NA
POL	2019	2019-05-26	ep	0	0	43.53	45.69	parlgov	6.91	2.77	1067	996	50.92	parlgov	parliament	2019-05-26
POL	2019	2019-10-13	parliament	0	0	59.08	61.75	parlgov	16.19	3.42	1082	996	NA	NA	NA	NA
PRT	1985	1985-10-06	parliament	1	0	79.69	74.16	parlgov	9.34	4.79	106	598	NA	NA	NA	NA
PRT	1987	1987-07-19	parliament	1	0	78.15	71.57	parlgov	28.6	2.98	480	106	NA	NA	NA	NA
PRT	1987	1987-07-19	ep	1	0	74.88	72.42	parlgov	15.36	4.12	535	106	71.57	parlgov	parliament	1987-07-19
PRT	1989	1989-06-18	ep	0	0	57.76	51.1	parlgov	4.34	4.08	504	480	71.57	parlgov	parliament	1989-06-18
PRT	1991	1991-10-06	parliament	0	0	77.71	67.78	parlgov	21.9	2.74	90	480	NA	NA	NA	NA
PRT	1994	1994-06-12	ep	0	0	39.79	35.54	parlgov	0.5	3.5	14	90	67.78	parlgov	parliament	1994-06-12
PRT	1995	1995-10-01	parliament	0	0	79.11	66.3	parlgov	9.83	2.97	216	90	NA	NA	NA	NA
PRT	1999	1999-06-13	ep	0	0	44.22	39.93	parlgov	12.36	3.12	619	216	66.3	parlgov	parliament	1999-06-13
PRT	1999	1999-10-10	parliament	0	0	69.27	61.09	parlgov	11.98	3.06	352	216	NA	NA	NA	NA
PRT	2002	2002-03-17	parliament	1	0	68.62	61.48	parlgov	2.46	3.03	657	352	NA	NA	NA	NA
PRT	2004	2004-06-13	ep	0	0	40.59	38.6	parlgov	11.72	2.89	140	657	61.48	parlgov	parliament	2004-06-13
PRT	2005	2005-02-20	parliament	1	0	69.23	64.26	parlgov	16.76	3.13	210	657	NA	NA	NA	NA
PRT	2009	2009-06-07	ep	0	0	41.55	36.78	parlgov	5.54	4.34	5	210	64.26	parlgov	parliament	2009-06-07
PRT	2009	2009-09-27	parliament	0	0	66.14	59.68	parlgov	7.69	3.83	405	210	NA	NA	NA	NA
PRT	2011	2011-06-05	parliament	1	0	64.49	58.03	parlgov	11.07	3.67	702	405	NA	NA	NA	NA
PRT	2014	2014-05-25	ep	0	0	37.56	33.67	parlgov	4.06	4.28	838	702	58.03	parlgov	parliament	2014-05-25
PRT	2015	2015-10-04	parliament	0	0	61.75	55.84	parlgov	6.27	3.44	993	702	NA	NA	NA	NA
PRT	2019	2019-05-26	ep	0	0	38.6	30.73	parlgov	12.26	4.77	1068	993	55.84	parlgov	parliament	2019-05-26
PRT	2019	2019-10-06	parliament	0	0	61.29	48.6	parlgov	9.02	4.01	1081	993	NA	NA	NA	NA
ROU	2004	2004-11-28	parliament	0	0	62.26	58.51	parlgov	5.3	3.95	165	336	NA	NA	NA	NA
ROU	2007	2007-11-25	ep	1	0	26.91	29.47	parlgov	5.7	5.87	676	165	58.51	parlgov	parliament	2007-11-25
ROU	2008	2008-11-30	parliament	0	0	40.48	39.2	parlgov	0.73	3.94	319	165	NA	NA	NA	NA
ROU	2009	2009-06-07	ep	0	0	28.09	27.67	parlgov	1.36	4.48	229	319	39.2	parlgov	parliament	2009-06-07
ROU	2012	2012-12-09	parliament	0	0	42.81	41.76	parlgov	42.12	2.54	787	319	NA	NA	NA	NA
ROU	2014	2014-05-25	ep	0	0	33.5	32.44	parlgov	22.59	5.15	849	787	41.76	parlgov	parliament	2014-05-25
ROU	2016	2016-12-11	parliament	0	0	41.12	39.46	parlgov	25.44	3.76	1015	787	NA	NA	NA	NA
ROU	2019	2019-05-26	ep	0	0	52.8	51.2	parlgov	4.5	5.38	1069	1015	39.46	parlgov	parliament	2019-05-26
SVK	2002	2002-09-21	parliament	0	0	71.63	69.99	parlgov	4.41	8.88	218	349	NA	NA	NA	NA
SVK	2004	2004-06-13	ep	0	0	17.45	16.94	parlgov	0.05	7.32	124	218	69.99	parlgov	parliament	2004-06-13
SVK	2006	2006-06-17	parliament	1	0	56.4	54.67	parlgov	10.79	6.12	192	218	NA	NA	NA	NA
SVK	2009	2009-06-07	ep	0	0	19.51	19.62	parlgov	15.03	5.86	441	192	54.67	parlgov	parliament	2009-06-07
SVK	2010	2010-06-12	parliament	0	0	58.38	58.84	parlgov	19.37	5.54	524	192	NA	NA	NA	NA
SVK	2012	2012-03-10	parliament	1	0	57.85	59.11	parlgov	35.59	4.37	781	524	NA	NA	NA	NA
SVK	2014	2014-05-25	ep	0	0	13.14	13.06	parlgov	10.88	9.26	847	781	59.11	parlgov	parliament	2014-05-25
SVK	2016	2016-03-06	parliament	0	0	59.43	59.82	parlgov	16.18	7.32	1003	781	NA	NA	NA	NA
SVK	2019	2019-05-25	ep	0	0	22.57	22.74	parlgov	4.39	9.18	1070	1003	59.82	parlgov	parliament	2019-05-25
SVN	2000	2000-10-15	parliament	0	0	72.33	70.09	parlgov	20.45	5.15	525	338	NA	NA	NA	NA
SVN	2004	2004-06-13	ep	0	0	31.87	28.35	parlgov	1.66	6	659	525	70.09	parlgov	parliament	2004-06-13
SVN	2004	2004-10-03	parliament	0	0	61.09	60.65	parlgov	6.28	5.95	80	525	NA	NA	NA	NA
SVN	2008	2008-09-21	parliament	0	0	65.04	63.1	parlgov	1.19	4.94	522	80	NA	NA	NA	NA
SVN	2009	2009-06-07	ep	0	0	28.83	28.36	parlgov	8.23	6.14	195	522	63.1	parlgov	parliament	2009-06-07
SVN	2011	2011-12-04	parliament	1	0	66.99	65.6	parlgov	2.32	5.54	778	522	NA	NA	NA	NA
SVN	2014	2014-05-25	ep	0	0	25.64	24.53	parlgov	8.18	7.9	844	778	65.6	parlgov	parliament	2014-05-25
SVN	2014	2014-07-13	parliament	1	0	54.09	51.71	parlgov	13.78	5.33	817	778	NA	NA	NA	NA
SVN	2018	2018-06-03	parliament	0	0	54.58	52.63	parlgov	12.32	8.37	1025	817	NA	NA	NA	NA
SVN	2019	2019-05-26	ep	0	0	28.38	28.89	parlgov	7.59	6.59	1071	1025	52.63	parlgov	parliament	2019-05-26
SWE	1994	1994-09-18	parliament	0	0	82.36	86.83	parlgov	22.9	3.64	412	472	NA	NA	NA	NA
SWE	1995	1995-09-17	ep	1	0	40.44	41.63	parlgov	4.9	5.32	55	412	86.83	parlgov	parliament	1995-09-17
SWE	1998	1998-09-20	parliament	0	0	77.72	81.39	parlgov	13.48	4.55	33	412	NA	NA	NA	NA
SWE	1999	1999-06-13	ep	0	0	38.05	38.84	parlgov	5.3	5.78	374	33	81.39	parlgov	parliament	1999-06-13
SWE	2002	2002-09-15	parliament	0	0	78.04	80.11	parlgov	24.6	4.5	156	33	NA	NA	NA	NA
SWE	2004	2004-06-13	ep	0	0	37.27	37.85	parlgov	6.31	6.6	104	156	80.11	parlgov	parliament	2004-06-13
SWE	2006	2006-09-17	parliament	0	0	80.6	81.99	parlgov	9.1	4.65	629	156	NA	NA	NA	NA
SWE	2009	2009-06-07	ep	0	0	46.76	45.53	parlgov	5.58	7.05	304	629	81.99	parlgov	parliament	2009-06-07
SWE	2010	2010-09-19	parliament	0	0	82.63	84.63	parlgov	0.6	4.79	512	629	NA	NA	NA	NA
SWE	2014	2014-05-25	ep	0	0	49.37	51.07	parlgov	8.78	7.39	843	512	84.63	parlgov	parliament	2014-05-25
SWE	2014	2014-09-14	parliament	0	0	82.61	85.81	parlgov	7.68	5.41	828	512	NA	NA	NA	NA
SWE	2018	2018-09-09	parliament	0	0	82.08	87.18	parlgov	8.42	5.79	1041	828	NA	NA	NA	NA
SWE	2019	2019-05-26	ep	0	0	52.29	55.27	parlgov	6.65	6.87	1073	1041	87.18	parlgov	parliament	2019-05-26
